dataset,method,run_id,iteration,accuracy,alignment,loss,circuits,time_sec,subcentroids,noise_level,mitigation,n_samples
checkerboard,ccka,ccka_lr0_1_lr0_01_lr0_01_optgd_epochs500_epochs0_001_epochs0_001_clusters2__rep1,0,0.5666666666666667,tensor(0.2002, grad_fn=<SqueezeBackward0>),tensor(0.4761, grad_fn=<AddBackward0>),80,7.786947965621948,2,0.5,,60
checkerboard,ccka,ccka_lr0_1_lr0_01_lr0_01_optgd_epochs500_epochs0_001_epochs0_001_clusters4__rep1,0,0.6,tensor(0.2144, grad_fn=<SqueezeBackward0>),tensor(1.3754, grad_fn=<AddBackward0>),160,10.324051856994629,4,0.5,,60
checkerboard,ccka,ccka_lr0_1_lr0_01_lr0_01_optgd_epochs500_epochs0_001_epochs0_001_clusters6__rep1,0,0.7,tensor(0.2239, grad_fn=<SqueezeBackward0>),tensor(1.2587, grad_fn=<AddBackward0>),240,12.223241329193115,6,0.5,,60
checkerboard,ccka,ccka_lr0_1_lr0_01_lr0_01_optgd_epochs500_epochs0_001_epochs0_001_clusters2__rep1,1,0.5333333333333333,tensor(0.2148, grad_fn=<SqueezeBackward0>),tensor(0.4834, grad_fn=<AddBackward0>),160,7.7080299854278564,2,0.5,,60
checkerboard,ccka,ccka_lr0_1_lr0_01_lr0_01_optgd_epochs500_epochs0_001_epochs0_001_clusters4__rep1,1,0.5,tensor(0.2224, grad_fn=<SqueezeBackward0>),tensor(1.0510, grad_fn=<AddBackward0>),320,10.063618898391724,4,0.5,,60
checkerboard,ccka,ccka_lr0_1_lr0_01_lr0_01_optgd_epochs500_epochs0_001_epochs0_001_clusters2__rep1,2,0.5,tensor(0.2257, grad_fn=<SqueezeBackward0>),tensor(0.4956, grad_fn=<AddBackward0>),240,7.80303692817688,2,0.5,,60
checkerboard,ccka,ccka_lr0_1_lr0_01_lr0_01_optgd_epochs500_epochs0_001_epochs0_001_clusters6__rep1,1,0.6,tensor(0.2379, grad_fn=<SqueezeBackward0>),tensor(1.1572, grad_fn=<AddBackward0>),480,12.56988000869751,6,0.5,,60
checkerboard,ccka,ccka_lr0_1_lr0_01_lr0_01_optgd_epochs500_epochs0_001_epochs0_001_clusters2__rep1,3,0.4666666666666667,tensor(0.2332, grad_fn=<SqueezeBackward0>),tensor(0.5062, grad_fn=<AddBackward0>),320,7.7685980796813965,2,0.5,,60
checkerboard,ccka,ccka_lr0_1_lr0_01_lr0_01_optgd_epochs500_epochs0_001_epochs0_001_clusters4__rep1,2,0.5,tensor(0.2272, grad_fn=<SqueezeBackward0>),tensor(0.9021, grad_fn=<AddBackward0>),480,10.397297859191895,4,0.5,,60
checkerboard,ccka,ccka_lr0_1_lr0_01_lr0_01_optgd_epochs500_epochs0_001_epochs0_001_clusters2__rep1,4,0.5,tensor(0.2373, grad_fn=<SqueezeBackward0>),tensor(0.5145, grad_fn=<AddBackward0>),400,7.844703197479248,2,0.5,,60
checkerboard,ccka,ccka_lr0_1_lr0_01_lr0_01_optgd_epochs500_epochs0_001_epochs0_001_clusters6__rep1,2,0.43333333333333335,tensor(0.2344, grad_fn=<SqueezeBackward0>),tensor(1.0940, grad_fn=<AddBackward0>),720,12.561014175415039,6,0.5,,60
checkerboard,ccka,ccka_lr0_1_lr0_01_lr0_01_optgd_epochs500_epochs0_001_epochs0_001_clusters4__rep1,3,0.5666666666666667,tensor(0.2306, grad_fn=<SqueezeBackward0>),tensor(0.8089, grad_fn=<AddBackward0>),640,10.073336839675903,4,0.5,,60
checkerboard,ccka,ccka_lr0_1_lr0_01_lr0_01_optgd_epochs500_epochs0_001_epochs0_001_clusters2__rep1,5,0.5333333333333333,tensor(0.2394, grad_fn=<SqueezeBackward0>),tensor(0.5209, grad_fn=<AddBackward0>),480,7.715412139892578,2,0.5,,60
checkerboard,ccka,ccka_lr0_1_lr0_01_lr0_01_optgd_epochs500_epochs0_001_epochs0_001_clusters4__rep1,4,0.5666666666666667,tensor(0.2323, grad_fn=<SqueezeBackward0>),tensor(0.7592, grad_fn=<AddBackward0>),800,10.399959087371826,4,0.5,,60
checkerboard,ccka,ccka_lr0_1_lr0_01_lr0_01_optgd_epochs500_epochs0_001_epochs0_001_clusters6__rep1,3,0.36666666666666664,tensor(0.2330, grad_fn=<SqueezeBackward0>),tensor(1.0535, grad_fn=<AddBackward0>),960,12.916144847869873,6,0.5,,60
checkerboard,ccka,ccka_lr0_1_lr0_01_lr0_01_optgd_epochs500_epochs0_001_epochs0_001_clusters2__rep1,6,0.6333333333333333,tensor(0.2404, grad_fn=<SqueezeBackward0>),tensor(0.5257, grad_fn=<AddBackward0>),560,8.046711206436157,2,0.5,,60
checkerboard,ccka,ccka_lr0_1_lr0_01_lr0_01_optgd_epochs500_epochs0_001_epochs0_001_clusters2__rep1,7,0.6333333333333333,tensor(0.2408, grad_fn=<SqueezeBackward0>),tensor(0.5295, grad_fn=<AddBackward0>),640,7.8519978523254395,2,0.5,,60
checkerboard,ccka,ccka_lr0_1_lr0_01_lr0_01_optgd_epochs500_epochs0_001_epochs0_001_clusters4__rep1,5,0.5333333333333333,tensor(0.2329, grad_fn=<SqueezeBackward0>),tensor(0.7303, grad_fn=<AddBackward0>),960,10.09997010231018,4,0.5,,60
checkerboard,ccka,ccka_lr0_1_lr0_01_lr0_01_optgd_epochs500_epochs0_001_epochs0_001_clusters6__rep1,4,0.4,tensor(0.2349, grad_fn=<SqueezeBackward0>),tensor(1.0345, grad_fn=<AddBackward0>),1200,12.727203845977783,6,0.5,,60
checkerboard,ccka,ccka_lr0_1_lr0_01_lr0_01_optgd_epochs500_epochs0_001_epochs0_001_clusters2__rep1,8,0.6666666666666666,tensor(0.2409, grad_fn=<SqueezeBackward0>),tensor(0.5324, grad_fn=<AddBackward0>),720,8.26060700416565,2,0.5,,60
checkerboard,ccka,ccka_lr0_1_lr0_01_lr0_01_optgd_epochs500_epochs0_001_epochs0_001_clusters4__rep1,6,0.5333333333333333,tensor(0.2329, grad_fn=<SqueezeBackward0>),tensor(0.7031, grad_fn=<AddBackward0>),1120,10.37577486038208,4,0.5,,60
checkerboard,ccka,ccka_lr0_1_lr0_01_lr0_01_optgd_epochs500_epochs0_001_epochs0_001_clusters6__rep1,5,0.4,tensor(0.2376, grad_fn=<SqueezeBackward0>),tensor(1.0287, grad_fn=<AddBackward0>),1440,12.691061973571777,6,0.5,,60
checkerboard,ccka,ccka_lr0_1_lr0_01_lr0_01_optgd_epochs500_epochs0_001_epochs0_001_clusters2__rep1,9,0.6333333333333333,tensor(0.2409, grad_fn=<SqueezeBackward0>),tensor(0.5345, grad_fn=<AddBackward0>),800,7.575057029724121,2,0.5,,60
checkerboard,ccka,ccka_lr0_1_lr0_01_lr0_01_optgd_epochs500_epochs0_001_epochs0_001_clusters4__rep1,7,0.6,tensor(0.2326, grad_fn=<SqueezeBackward0>),tensor(0.6698, grad_fn=<AddBackward0>),1280,10.344779968261719,4,0.5,,60
checkerboard,ccka,ccka_lr0_1_lr0_01_lr0_01_optgd_epochs500_epochs0_001_epochs0_001_clusters2__rep1,10,0.6,tensor(0.2409, grad_fn=<SqueezeBackward0>),tensor(0.5356, grad_fn=<AddBackward0>),880,8.016545057296753,2,0.5,,60
checkerboard,ccka,ccka_lr0_1_lr0_01_lr0_01_optgd_epochs500_epochs0_001_epochs0_001_clusters6__rep1,6,0.43333333333333335,tensor(0.2391, grad_fn=<SqueezeBackward0>),tensor(1.0222, grad_fn=<AddBackward0>),1680,12.6476891040802,6,0.5,,60
checkerboard,ccka,ccka_lr0_1_lr0_01_lr0_01_optgd_epochs500_epochs0_001_epochs0_001_clusters4__rep1,8,0.5666666666666667,tensor(0.2322, grad_fn=<SqueezeBackward0>),tensor(0.6441, grad_fn=<AddBackward0>),1440,10.368581771850586,4,0.5,,60
checkerboard,ccka,ccka_lr0_1_lr0_01_lr0_01_optgd_epochs500_epochs0_001_epochs0_001_clusters2__rep1,11,0.5333333333333333,tensor(0.2410, grad_fn=<SqueezeBackward0>),tensor(0.5357, grad_fn=<AddBackward0>),960,7.798119068145752,2,0.5,,60
checkerboard,ccka,ccka_lr0_1_lr0_01_lr0_01_optgd_epochs500_epochs0_001_epochs0_001_clusters2__rep1,12,0.5,tensor(0.2411, grad_fn=<SqueezeBackward0>),tensor(0.5349, grad_fn=<AddBackward0>),1040,7.786532163619995,2,0.5,,60
checkerboard,ccka,ccka_lr0_1_lr0_01_lr0_01_optgd_epochs500_epochs0_001_epochs0_001_clusters6__rep1,7,0.43333333333333335,tensor(0.2389, grad_fn=<SqueezeBackward0>),tensor(1.0100, grad_fn=<AddBackward0>),1920,12.653069257736206,6,0.5,,60
checkerboard,ccka,ccka_lr0_1_lr0_01_lr0_01_optgd_epochs500_epochs0_001_epochs0_001_clusters4__rep1,9,0.5666666666666667,tensor(0.2322, grad_fn=<SqueezeBackward0>),tensor(0.6305, grad_fn=<AddBackward0>),1600,10.028561115264893,4,0.5,,60
checkerboard,ccka,ccka_lr0_1_lr0_01_lr0_01_optgd_epochs500_epochs0_001_epochs0_001_clusters2__rep1,13,0.5,tensor(0.2413, grad_fn=<SqueezeBackward0>),tensor(0.5331, grad_fn=<AddBackward0>),1120,7.77115797996521,2,0.5,,60
checkerboard,ccka,ccka_lr0_1_lr0_01_lr0_01_optgd_epochs500_epochs0_001_epochs0_001_clusters4__rep1,10,0.6666666666666666,tensor(0.2327, grad_fn=<SqueezeBackward0>),tensor(0.6242, grad_fn=<AddBackward0>),1760,10.404490947723389,4,0.5,,60
checkerboard,ccka,ccka_lr0_1_lr0_01_lr0_01_optgd_epochs500_epochs0_001_epochs0_001_clusters6__rep1,8,0.4666666666666667,tensor(0.2373, grad_fn=<SqueezeBackward0>),tensor(0.9885, grad_fn=<AddBackward0>),2160,12.694635152816772,6,0.5,,60
checkerboard,ccka,ccka_lr0_1_lr0_01_lr0_01_optgd_epochs500_epochs0_001_epochs0_001_clusters2__rep1,14,0.6,tensor(0.2412, grad_fn=<SqueezeBackward0>),tensor(0.5304, grad_fn=<AddBackward0>),1200,7.799662113189697,2,0.5,,60
checkerboard,ccka,ccka_lr0_1_lr0_01_lr0_01_optgd_epochs500_epochs0_001_epochs0_001_clusters4__rep1,11,0.6666666666666666,tensor(0.2338, grad_fn=<SqueezeBackward0>),tensor(0.6199, grad_fn=<AddBackward0>),1920,10.347506046295166,4,0.5,,60
checkerboard,ccka,ccka_lr0_1_lr0_01_lr0_01_optgd_epochs500_epochs0_001_epochs0_001_clusters2__rep1,15,0.5666666666666667,tensor(0.2408, grad_fn=<SqueezeBackward0>),tensor(0.5269, grad_fn=<AddBackward0>),1280,8.085211992263794,2,0.5,,60
checkerboard,ccka,ccka_lr0_1_lr0_01_lr0_01_optgd_epochs500_epochs0_001_epochs0_001_clusters6__rep1,9,0.5333333333333333,tensor(0.2347, grad_fn=<SqueezeBackward0>),tensor(0.9510, grad_fn=<AddBackward0>),2400,12.696666717529297,6,0.5,,60
checkerboard,ccka,ccka_lr0_1_lr0_01_lr0_01_optgd_epochs500_epochs0_001_epochs0_001_clusters2__rep1,16,0.5666666666666667,tensor(0.2402, grad_fn=<SqueezeBackward0>),tensor(0.5227, grad_fn=<AddBackward0>),1360,7.7856810092926025,2,0.5,,60
checkerboard,ccka,ccka_lr0_1_lr0_01_lr0_01_optgd_epochs500_epochs0_001_epochs0_001_clusters4__rep1,12,0.6333333333333333,tensor(0.2352, grad_fn=<SqueezeBackward0>),tensor(0.6144, grad_fn=<AddBackward0>),2080,10.077061891555786,4,0.5,,60
checkerboard,ccka,ccka_lr0_1_lr0_01_lr0_01_optgd_epochs500_epochs0_001_epochs0_001_clusters2__rep1,17,0.6333333333333333,tensor(0.2394, grad_fn=<SqueezeBackward0>),tensor(0.5176, grad_fn=<AddBackward0>),1440,7.710302829742432,2,0.5,,60
checkerboard,ccka,ccka_lr0_1_lr0_01_lr0_01_optgd_epochs500_epochs0_001_epochs0_001_clusters6__rep1,10,0.6,tensor(0.2345, grad_fn=<SqueezeBackward0>),tensor(0.9202, grad_fn=<AddBackward0>),2640,12.593570947647095,6,0.5,,60
checkerboard,ccka,ccka_lr0_1_lr0_01_lr0_01_optgd_epochs500_epochs0_001_epochs0_001_clusters4__rep1,13,0.6,tensor(0.2368, grad_fn=<SqueezeBackward0>),tensor(0.6074, grad_fn=<AddBackward0>),2240,10.308059930801392,4,0.5,,60
checkerboard,ccka,ccka_lr0_1_lr0_01_lr0_01_optgd_epochs500_epochs0_001_epochs0_001_clusters2__rep1,18,0.6666666666666666,tensor(0.2385, grad_fn=<SqueezeBackward0>),tensor(0.5116, grad_fn=<AddBackward0>),1520,7.821239948272705,2,0.5,,60
checkerboard,ccka,ccka_lr0_1_lr0_01_lr0_01_optgd_epochs500_epochs0_001_epochs0_001_clusters6__rep1,11,0.6333333333333333,tensor(0.2360, grad_fn=<SqueezeBackward0>),tensor(0.8925, grad_fn=<AddBackward0>),2880,12.65754222869873,6,0.5,,60
checkerboard,ccka,ccka_lr0_1_lr0_01_lr0_01_optgd_epochs500_epochs0_001_epochs0_001_clusters4__rep1,14,0.6,tensor(0.2382, grad_fn=<SqueezeBackward0>),tensor(0.5989, grad_fn=<AddBackward0>),2400,10.12430715560913,4,0.5,,60
checkerboard,ccka,ccka_lr0_1_lr0_01_lr0_01_optgd_epochs500_epochs0_001_epochs0_001_clusters2__rep1,19,0.7,tensor(0.2377, grad_fn=<SqueezeBackward0>),tensor(0.5045, grad_fn=<AddBackward0>),1600,8.043629884719849,2,0.5,,60
checkerboard,ccka,ccka_lr0_1_lr0_01_lr0_01_optgd_epochs500_epochs0_001_epochs0_001_clusters2__rep1,20,0.7,tensor(0.2370, grad_fn=<SqueezeBackward0>),tensor(0.4966, grad_fn=<AddBackward0>),1680,7.868759632110596,2,0.5,,60
checkerboard,ccka,ccka_lr0_1_lr0_01_lr0_01_optgd_epochs500_epochs0_001_epochs0_001_clusters4__rep1,15,0.6,tensor(0.2390, grad_fn=<SqueezeBackward0>),tensor(0.5787, grad_fn=<AddBackward0>),2560,10.379595041275024,4,0.5,,60
checkerboard,ccka,ccka_lr0_1_lr0_01_lr0_01_optgd_epochs500_epochs0_001_epochs0_001_clusters6__rep1,12,0.6333333333333333,tensor(0.2355, grad_fn=<SqueezeBackward0>),tensor(0.8685, grad_fn=<AddBackward0>),3120,12.643906831741333,6,0.5,,60
checkerboard,ccka,ccka_lr0_1_lr0_01_lr0_01_optgd_epochs500_epochs0_001_epochs0_001_clusters2__rep1,21,0.7,tensor(0.2366, grad_fn=<SqueezeBackward0>),tensor(0.4882, grad_fn=<AddBackward0>),1760,7.774860858917236,2,0.5,,60
checkerboard,ccka,ccka_lr0_1_lr0_01_lr0_01_optgd_epochs500_epochs0_001_epochs0_001_clusters4__rep1,16,0.5333333333333333,tensor(0.2378, grad_fn=<SqueezeBackward0>),tensor(0.4906, grad_fn=<AddBackward0>),2720,9.97885274887085,4,0.5,,60
checkerboard,ccka,ccka_lr0_1_lr0_01_lr0_01_optgd_epochs500_epochs0_001_epochs0_001_clusters6__rep1,13,0.6333333333333333,tensor(0.2342, grad_fn=<SqueezeBackward0>),tensor(0.8539, grad_fn=<AddBackward0>),3360,12.63210391998291,6,0.5,,60
checkerboard,ccka,ccka_lr0_1_lr0_01_lr0_01_optgd_epochs500_epochs0_001_epochs0_001_clusters2__rep1,22,0.7,tensor(0.2364, grad_fn=<SqueezeBackward0>),tensor(0.4797, grad_fn=<AddBackward0>),1840,7.765105962753296,2,0.5,,60
checkerboard,ccka,ccka_lr0_1_lr0_01_lr0_01_optgd_epochs500_epochs0_001_epochs0_001_clusters4__rep1,17,0.5333333333333333,tensor(0.2384, grad_fn=<SqueezeBackward0>),tensor(0.5138, grad_fn=<AddBackward0>),2880,10.448915958404541,4,0.5,,60
checkerboard,ccka,ccka_lr0_1_lr0_01_lr0_01_optgd_epochs500_epochs0_001_epochs0_001_clusters2__rep1,23,0.6666666666666666,tensor(0.2364, grad_fn=<SqueezeBackward0>),tensor(0.4718, grad_fn=<AddBackward0>),1920,7.83024787902832,2,0.5,,60
checkerboard,ccka,ccka_lr0_1_lr0_01_lr0_01_optgd_epochs500_epochs0_001_epochs0_001_clusters6__rep1,14,0.6666666666666666,tensor(0.2330, grad_fn=<SqueezeBackward0>),tensor(0.8484, grad_fn=<AddBackward0>),3600,12.661816835403442,6,0.5,,60
checkerboard,ccka,ccka_lr0_1_lr0_01_lr0_01_optgd_epochs500_epochs0_001_epochs0_001_clusters4__rep1,18,0.5666666666666667,tensor(0.2371, grad_fn=<SqueezeBackward0>),tensor(0.5284, grad_fn=<AddBackward0>),3040,10.240144968032837,4,0.5,,60
checkerboard,ccka,ccka_lr0_1_lr0_01_lr0_01_optgd_epochs500_epochs0_001_epochs0_001_clusters2__rep1,24,0.6666666666666666,tensor(0.2364, grad_fn=<SqueezeBackward0>),tensor(0.4647, grad_fn=<AddBackward0>),2000,7.7695159912109375,2,0.5,,60
checkerboard,ccka,ccka_lr0_1_lr0_01_lr0_01_optgd_epochs500_epochs0_001_epochs0_001_clusters2__rep1,25,0.6666666666666666,tensor(0.2364, grad_fn=<SqueezeBackward0>),tensor(0.4588, grad_fn=<AddBackward0>),2080,7.764685869216919,2,0.5,,60
checkerboard,ccka,ccka_lr0_1_lr0_01_lr0_01_optgd_epochs500_epochs0_001_epochs0_001_clusters6__rep1,15,0.6666666666666666,tensor(0.2311, grad_fn=<SqueezeBackward0>),tensor(0.8508, grad_fn=<AddBackward0>),3840,12.637174129486084,6,0.5,,60
checkerboard,ccka,ccka_lr0_1_lr0_01_lr0_01_optgd_epochs500_epochs0_001_epochs0_001_clusters4__rep1,19,0.6,tensor(0.2368, grad_fn=<SqueezeBackward0>),tensor(0.5204, grad_fn=<AddBackward0>),3200,10.349030017852783,4,0.5,,60
checkerboard,ccka,ccka_lr0_1_lr0_01_lr0_01_optgd_epochs500_epochs0_001_epochs0_001_clusters2__rep1,26,0.6333333333333333,tensor(0.2365, grad_fn=<SqueezeBackward0>),tensor(0.4539, grad_fn=<AddBackward0>),2160,7.943166255950928,2,0.5,,60
checkerboard,ccka,ccka_lr0_1_lr0_01_lr0_01_optgd_epochs500_epochs0_001_epochs0_001_clusters4__rep1,20,0.6666666666666666,tensor(0.2363, grad_fn=<SqueezeBackward0>),tensor(0.4812, grad_fn=<AddBackward0>),3360,10.188066959381104,4,0.5,,60
checkerboard,ccka,ccka_lr0_1_lr0_01_lr0_01_optgd_epochs500_epochs0_001_epochs0_001_clusters6__rep1,16,0.6333333333333333,tensor(0.2292, grad_fn=<SqueezeBackward0>),tensor(0.8593, grad_fn=<AddBackward0>),4080,12.745918273925781,6,0.5,,60
checkerboard,ccka,ccka_lr0_1_lr0_01_lr0_01_optgd_epochs500_epochs0_001_epochs0_001_clusters2__rep1,27,0.5666666666666667,tensor(0.2366, grad_fn=<SqueezeBackward0>),tensor(0.4501, grad_fn=<AddBackward0>),2240,7.824527978897095,2,0.5,,60
checkerboard,ccka,ccka_lr0_1_lr0_01_lr0_01_optgd_epochs500_epochs0_001_epochs0_001_clusters4__rep1,21,0.6333333333333333,tensor(0.2326, grad_fn=<SqueezeBackward0>),tensor(0.8597, grad_fn=<AddBackward0>),3520,10.416746139526367,4,0.5,,60
checkerboard,ccka,ccka_lr0_1_lr0_01_lr0_01_optgd_epochs500_epochs0_001_epochs0_001_clusters2__rep1,28,0.5333333333333333,tensor(0.2367, grad_fn=<SqueezeBackward0>),tensor(0.4472, grad_fn=<AddBackward0>),2320,7.939363241195679,2,0.5,,60
checkerboard,ccka,ccka_lr0_1_lr0_01_lr0_01_optgd_epochs500_epochs0_001_epochs0_001_clusters6__rep1,17,0.6,tensor(0.2285, grad_fn=<SqueezeBackward0>),tensor(0.8683, grad_fn=<AddBackward0>),4320,12.804042100906372,6,0.5,,60
checkerboard,ccka,ccka_lr0_1_lr0_01_lr0_01_optgd_epochs500_epochs0_001_epochs0_001_clusters2__rep1,29,0.5,tensor(0.2369, grad_fn=<SqueezeBackward0>),tensor(0.4451, grad_fn=<AddBackward0>),2400,7.795894145965576,2,0.5,,60
checkerboard,ccka,ccka_lr0_1_lr0_01_lr0_01_optgd_epochs500_epochs0_001_epochs0_001_clusters4__rep1,22,0.6333333333333333,tensor(0.2352, grad_fn=<SqueezeBackward0>),tensor(1.0406, grad_fn=<AddBackward0>),3680,10.019595861434937,4,0.5,,60
checkerboard,ccka,ccka_lr0_1_lr0_01_lr0_01_optgd_epochs500_epochs0_001_epochs0_001_clusters6__rep1,18,0.5333333333333333,tensor(0.2290, grad_fn=<SqueezeBackward0>),tensor(0.8732, grad_fn=<AddBackward0>),4560,12.780946969985962,6,0.5,,60
checkerboard,ccka,ccka_lr0_1_lr0_01_lr0_01_optgd_epochs500_epochs0_001_epochs0_001_clusters2__rep1,30,0.5,tensor(0.2371, grad_fn=<SqueezeBackward0>),tensor(0.4437, grad_fn=<AddBackward0>),2480,7.88528299331665,2,0.5,,60
checkerboard,ccka,ccka_lr0_1_lr0_01_lr0_01_optgd_epochs500_epochs0_001_epochs0_001_clusters4__rep1,23,0.6333333333333333,tensor(0.2327, grad_fn=<SqueezeBackward0>),tensor(1.2947, grad_fn=<AddBackward0>),3840,10.672240018844604,4,0.5,,60
checkerboard,ccka,ccka_lr0_1_lr0_01_lr0_01_optgd_epochs500_epochs0_001_epochs0_001_clusters2__rep1,31,0.5333333333333333,tensor(0.2373, grad_fn=<SqueezeBackward0>),tensor(0.4428, grad_fn=<AddBackward0>),2560,8.284475803375244,2,0.5,,60
checkerboard,ccka,ccka_lr0_1_lr0_01_lr0_01_optgd_epochs500_epochs0_001_epochs0_001_clusters6__rep1,19,0.5666666666666667,tensor(0.2300, grad_fn=<SqueezeBackward0>),tensor(0.8755, grad_fn=<AddBackward0>),4800,13.097657918930054,6,0.5,,60
checkerboard,ccka,ccka_lr0_1_lr0_01_lr0_01_optgd_epochs500_epochs0_001_epochs0_001_clusters4__rep1,24,0.5,tensor(0.2313, grad_fn=<SqueezeBackward0>),tensor(1.3126, grad_fn=<AddBackward0>),4000,10.771827220916748,4,0.5,,60
checkerboard,ccka,ccka_lr0_1_lr0_01_lr0_01_optgd_epochs500_epochs0_001_epochs0_001_clusters2__rep1,32,0.5333333333333333,tensor(0.2376, grad_fn=<SqueezeBackward0>),tensor(0.4425, grad_fn=<AddBackward0>),2640,8.03513503074646,2,0.5,,60
checkerboard,ccka,ccka_lr0_1_lr0_01_lr0_01_optgd_epochs500_epochs0_001_epochs0_001_clusters2__rep1,33,0.5333333333333333,tensor(0.2379, grad_fn=<SqueezeBackward0>),tensor(0.4426, grad_fn=<AddBackward0>),2720,7.897644996643066,2,0.5,,60
checkerboard,ccka,ccka_lr0_1_lr0_01_lr0_01_optgd_epochs500_epochs0_001_epochs0_001_clusters4__rep1,25,0.5,tensor(0.2280, grad_fn=<SqueezeBackward0>),tensor(1.1326, grad_fn=<AddBackward0>),4160,10.269588232040405,4,0.5,,60
checkerboard,ccka,ccka_lr0_1_lr0_01_lr0_01_optgd_epochs500_epochs0_001_epochs0_001_clusters6__rep1,20,0.5666666666666667,tensor(0.2309, grad_fn=<SqueezeBackward0>),tensor(0.8804, grad_fn=<AddBackward0>),5040,12.826843023300171,6,0.5,,60
checkerboard,ccka,ccka_lr0_1_lr0_01_lr0_01_optgd_epochs500_epochs0_001_epochs0_001_clusters2__rep1,34,0.5,tensor(0.2381, grad_fn=<SqueezeBackward0>),tensor(0.4431, grad_fn=<AddBackward0>),2800,7.932429075241089,2,0.5,,60
checkerboard,ccka,ccka_lr0_1_lr0_01_lr0_01_optgd_epochs500_epochs0_001_epochs0_001_clusters4__rep1,26,0.4666666666666667,tensor(0.2215, grad_fn=<SqueezeBackward0>),tensor(0.9749, grad_fn=<AddBackward0>),4320,10.681025981903076,4,0.5,,60
checkerboard,ccka,ccka_lr0_1_lr0_01_lr0_01_optgd_epochs500_epochs0_001_epochs0_001_clusters6__rep1,21,0.6,tensor(0.2313, grad_fn=<SqueezeBackward0>),tensor(0.8912, grad_fn=<AddBackward0>),5280,12.922139167785645,6,0.5,,60
checkerboard,ccka,ccka_lr0_1_lr0_01_lr0_01_optgd_epochs500_epochs0_001_epochs0_001_clusters2__rep1,35,0.4666666666666667,tensor(0.2384, grad_fn=<SqueezeBackward0>),tensor(0.4440, grad_fn=<AddBackward0>),2880,7.983382940292358,2,0.5,,60
checkerboard,ccka,ccka_lr0_1_lr0_01_lr0_01_optgd_epochs500_epochs0_001_epochs0_001_clusters4__rep1,27,0.5,tensor(0.2176, grad_fn=<SqueezeBackward0>),tensor(0.9218, grad_fn=<AddBackward0>),4480,10.34329891204834,4,0.5,,60
checkerboard,ccka,ccka_lr0_1_lr0_01_lr0_01_optgd_epochs500_epochs0_001_epochs0_001_clusters2__rep1,36,0.43333333333333335,tensor(0.2385, grad_fn=<SqueezeBackward0>),tensor(0.4453, grad_fn=<AddBackward0>),2960,7.994554042816162,2,0.5,,60
checkerboard,ccka,ccka_lr0_1_lr0_01_lr0_01_optgd_epochs500_epochs0_001_epochs0_001_clusters6__rep1,22,0.6333333333333333,tensor(0.2310, grad_fn=<SqueezeBackward0>),tensor(0.9056, grad_fn=<AddBackward0>),5520,12.942050218582153,6,0.5,,60
checkerboard,ccka,ccka_lr0_1_lr0_01_lr0_01_optgd_epochs500_epochs0_001_epochs0_001_clusters2__rep1,37,0.4,tensor(0.2386, grad_fn=<SqueezeBackward0>),tensor(0.4468, grad_fn=<AddBackward0>),3040,7.9282190799713135,2,0.5,,60
checkerboard,ccka,ccka_lr0_1_lr0_01_lr0_01_optgd_epochs500_epochs0_001_epochs0_001_clusters4__rep1,28,0.4,tensor(0.2170, grad_fn=<SqueezeBackward0>),tensor(0.9003, grad_fn=<AddBackward0>),4640,10.367478132247925,4,0.5,,60
checkerboard,ccka,ccka_lr0_1_lr0_01_lr0_01_optgd_epochs500_epochs0_001_epochs0_001_clusters2__rep1,38,0.5,tensor(0.2385, grad_fn=<SqueezeBackward0>),tensor(0.4486, grad_fn=<AddBackward0>),3120,7.9737420082092285,2,0.5,,60
checkerboard,ccka,ccka_lr0_1_lr0_01_lr0_01_optgd_epochs500_epochs0_001_epochs0_001_clusters6__rep1,23,0.6333333333333333,tensor(0.2301, grad_fn=<SqueezeBackward0>),tensor(0.9151, grad_fn=<AddBackward0>),5760,12.993103981018066,6,0.5,,60
checkerboard,ccka,ccka_lr0_1_lr0_01_lr0_01_optgd_epochs500_epochs0_001_epochs0_001_clusters4__rep1,29,0.26666666666666666,tensor(0.2185, grad_fn=<SqueezeBackward0>),tensor(0.8936, grad_fn=<AddBackward0>),4800,10.377073049545288,4,0.5,,60
checkerboard,ccka,ccka_lr0_1_lr0_01_lr0_01_optgd_epochs500_epochs0_001_epochs0_001_clusters2__rep1,39,0.5,tensor(0.2384, grad_fn=<SqueezeBackward0>),tensor(0.4505, grad_fn=<AddBackward0>),3200,7.9144392013549805,2,0.5,,60
checkerboard,ccka,ccka_lr0_1_lr0_01_lr0_01_optgd_epochs500_epochs0_001_epochs0_001_clusters6__rep1,24,0.5333333333333333,tensor(0.2286, grad_fn=<SqueezeBackward0>),tensor(0.9108, grad_fn=<AddBackward0>),6000,12.938780069351196,6,0.5,,60
checkerboard,ccka,ccka_lr0_1_lr0_01_lr0_01_optgd_epochs500_epochs0_001_epochs0_001_clusters4__rep1,30,0.43333333333333335,tensor(0.2186, grad_fn=<SqueezeBackward0>),tensor(0.9288, grad_fn=<AddBackward0>),4960,10.598917722702026,4,0.5,,60
checkerboard,ccka,ccka_lr0_1_lr0_01_lr0_01_optgd_epochs500_epochs0_001_epochs0_001_clusters2__rep1,40,0.5,tensor(0.2382, grad_fn=<SqueezeBackward0>),tensor(0.4524, grad_fn=<AddBackward0>),3280,8.214738130569458,2,0.5,,60
checkerboard,ccka,ccka_lr0_1_lr0_01_lr0_01_optgd_epochs500_epochs0_001_epochs0_001_clusters4__rep1,31,0.4,tensor(0.2178, grad_fn=<SqueezeBackward0>),tensor(1.0096, grad_fn=<AddBackward0>),5120,10.02418303489685,4,0.5,,60
checkerboard,ccka,ccka_lr0_1_lr0_01_lr0_01_optgd_epochs500_epochs0_001_epochs0_001_clusters2__rep1,41,0.5,tensor(0.2380, grad_fn=<SqueezeBackward0>),tensor(0.4542, grad_fn=<AddBackward0>),3360,7.779414892196655,2,0.5,,60
checkerboard,ccka,ccka_lr0_1_lr0_01_lr0_01_optgd_epochs500_epochs0_001_epochs0_001_clusters6__rep1,25,0.4666666666666667,tensor(0.2270, grad_fn=<SqueezeBackward0>),tensor(0.8923, grad_fn=<AddBackward0>),6240,12.614179134368896,6,0.5,,60
checkerboard,ccka,ccka_lr0_1_lr0_01_lr0_01_optgd_epochs500_epochs0_001_epochs0_001_clusters2__rep1,42,0.5,tensor(0.2378, grad_fn=<SqueezeBackward0>),tensor(0.4557, grad_fn=<AddBackward0>),3440,7.815025091171265,2,0.5,,60
checkerboard,ccka,ccka_lr0_1_lr0_01_lr0_01_optgd_epochs500_epochs0_001_epochs0_001_clusters4__rep1,32,0.5,tensor(0.2190, grad_fn=<SqueezeBackward0>),tensor(1.0490, grad_fn=<AddBackward0>),5280,10.417677879333496,4,0.5,,60
checkerboard,ccka,ccka_lr0_1_lr0_01_lr0_01_optgd_epochs500_epochs0_001_epochs0_001_clusters6__rep1,26,0.4666666666666667,tensor(0.2255, grad_fn=<SqueezeBackward0>),tensor(0.8681, grad_fn=<AddBackward0>),6480,12.649063110351562,6,0.5,,60
checkerboard,ccka,ccka_lr0_1_lr0_01_lr0_01_optgd_epochs500_epochs0_001_epochs0_001_clusters2__rep1,43,0.5,tensor(0.2377, grad_fn=<SqueezeBackward0>),tensor(0.4570, grad_fn=<AddBackward0>),3520,7.761196136474609,2,0.5,,60
checkerboard,ccka,ccka_lr0_1_lr0_01_lr0_01_optgd_epochs500_epochs0_001_epochs0_001_clusters4__rep1,33,0.5333333333333333,tensor(0.2240, grad_fn=<SqueezeBackward0>),tensor(1.0259, grad_fn=<AddBackward0>),5440,10.352587938308716,4,0.5,,60
checkerboard,ccka,ccka_lr0_1_lr0_01_lr0_01_optgd_epochs500_epochs0_001_epochs0_001_clusters2__rep1,44,0.5,tensor(0.2377, grad_fn=<SqueezeBackward0>),tensor(0.4579, grad_fn=<AddBackward0>),3600,7.817166090011597,2,0.5,,60
checkerboard,ccka,ccka_lr0_1_lr0_01_lr0_01_optgd_epochs500_epochs0_001_epochs0_001_clusters6__rep1,27,0.4666666666666667,tensor(0.2242, grad_fn=<SqueezeBackward0>),tensor(0.8484, grad_fn=<AddBackward0>),6720,12.647383689880371,6,0.5,,60
checkerboard,ccka,ccka_lr0_1_lr0_01_lr0_01_optgd_epochs500_epochs0_001_epochs0_001_clusters4__rep1,34,0.5333333333333333,tensor(0.2286, grad_fn=<SqueezeBackward0>),tensor(0.9800, grad_fn=<AddBackward0>),5600,10.336629152297974,4,0.5,,60
checkerboard,ccka,ccka_lr0_1_lr0_01_lr0_01_optgd_epochs500_epochs0_001_epochs0_001_clusters2__rep1,45,0.6,tensor(0.2379, grad_fn=<SqueezeBackward0>),tensor(0.4584, grad_fn=<AddBackward0>),3680,7.801762819290161,2,0.5,,60
checkerboard,ccka,ccka_lr0_1_lr0_01_lr0_01_optgd_epochs500_epochs0_001_epochs0_001_clusters2__rep1,46,0.6333333333333333,tensor(0.2382, grad_fn=<SqueezeBackward0>),tensor(0.4586, grad_fn=<AddBackward0>),3760,7.771003723144531,2,0.5,,60
checkerboard,ccka,ccka_lr0_1_lr0_01_lr0_01_optgd_epochs500_epochs0_001_epochs0_001_clusters6__rep1,28,0.43333333333333335,tensor(0.2232, grad_fn=<SqueezeBackward0>),tensor(0.8395, grad_fn=<AddBackward0>),6960,12.59790587425232,6,0.5,,60
checkerboard,ccka,ccka_lr0_1_lr0_01_lr0_01_optgd_epochs500_epochs0_001_epochs0_001_clusters4__rep1,35,0.6,tensor(0.2313, grad_fn=<SqueezeBackward0>),tensor(0.9365, grad_fn=<AddBackward0>),5760,10.024344682693481,4,0.5,,60
checkerboard,ccka,ccka_lr0_1_lr0_01_lr0_01_optgd_epochs500_epochs0_001_epochs0_001_clusters2__rep1,47,0.6333333333333333,tensor(0.2386, grad_fn=<SqueezeBackward0>),tensor(0.4586, grad_fn=<AddBackward0>),3840,7.759203910827637,2,0.5,,60
checkerboard,ccka,ccka_lr0_1_lr0_01_lr0_01_optgd_epochs500_epochs0_001_epochs0_001_clusters4__rep1,36,0.5,tensor(0.2324, grad_fn=<SqueezeBackward0>),tensor(0.9070, grad_fn=<AddBackward0>),5920,10.510972738265991,4,0.5,,60
checkerboard,ccka,ccka_lr0_1_lr0_01_lr0_01_optgd_epochs500_epochs0_001_epochs0_001_clusters6__rep1,29,0.43333333333333335,tensor(0.2225, grad_fn=<SqueezeBackward0>),tensor(0.8437, grad_fn=<AddBackward0>),7200,12.724946975708008,6,0.5,,60
checkerboard,ccka,ccka_lr0_1_lr0_01_lr0_01_optgd_epochs500_epochs0_001_epochs0_001_clusters2__rep1,48,0.6666666666666666,tensor(0.2391, grad_fn=<SqueezeBackward0>),tensor(0.4584, grad_fn=<AddBackward0>),3920,7.7606201171875,2,0.5,,60
checkerboard,ccka,ccka_lr0_1_lr0_01_lr0_01_optgd_epochs500_epochs0_001_epochs0_001_clusters4__rep1,37,0.5,tensor(0.2329, grad_fn=<SqueezeBackward0>),tensor(0.8941, grad_fn=<AddBackward0>),6080,10.766847848892212,4,0.5,,60
checkerboard,ccka,ccka_lr0_1_lr0_01_lr0_01_optgd_epochs500_epochs0_001_epochs0_001_clusters2__rep1,49,0.7333333333333333,tensor(0.2398, grad_fn=<SqueezeBackward0>),tensor(0.4580, grad_fn=<AddBackward0>),4000,8.3981192111969,2,0.5,,60
checkerboard,ccka,ccka_lr0_1_lr0_01_lr0_01_optgd_epochs500_epochs0_001_epochs0_001_clusters6__rep1,30,0.4666666666666667,tensor(0.2224, grad_fn=<SqueezeBackward0>),tensor(0.8598, grad_fn=<AddBackward0>),7440,13.003798961639404,6,0.5,,60
checkerboard,ccka,ccka_lr0_1_lr0_01_lr0_01_optgd_epochs500_epochs0_001_epochs0_001_clusters4__rep1,38,0.5666666666666667,tensor(0.2332, grad_fn=<SqueezeBackward0>),tensor(0.8943, grad_fn=<AddBackward0>),6240,10.231489181518555,4,0.5,,60
checkerboard,ccka,ccka_lr0_1_lr0_01_lr0_01_optgd_epochs500_epochs0_001_epochs0_001_clusters6__rep1,31,0.4666666666666667,tensor(0.2230, grad_fn=<SqueezeBackward0>),tensor(0.8806, grad_fn=<AddBackward0>),7680,12.895861864089966,6,0.5,,60
checkerboard,ccka,ccka_lr0_1_lr0_01_lr0_01_optgd_epochs500_epochs0_001_epochs0_001_clusters4__rep1,39,0.5333333333333333,tensor(0.2336, grad_fn=<SqueezeBackward0>),tensor(0.9000, grad_fn=<AddBackward0>),6400,10.5839262008667,4,0.5,,60
checkerboard,ccka,ccka_lr0_1_lr0_01_lr0_01_optgd_epochs500_epochs0_001_epochs0_001_clusters6__rep1,32,0.5333333333333333,tensor(0.2240, grad_fn=<SqueezeBackward0>),tensor(0.8956, grad_fn=<AddBackward0>),7920,12.75388503074646,6,0.5,,60
checkerboard,ccka,ccka_lr0_1_lr0_01_lr0_01_optgd_epochs500_epochs0_001_epochs0_001_clusters4__rep1,40,0.5666666666666667,tensor(0.2342, grad_fn=<SqueezeBackward0>),tensor(0.9025, grad_fn=<AddBackward0>),6560,10.170072078704834,4,0.5,,60
checkerboard,ccka,ccka_lr0_1_lr0_01_lr0_01_optgd_epochs500_epochs0_001_epochs0_001_clusters8__rep1,0,0.6666666666666666,tensor(0.2012, grad_fn=<SqueezeBackward0>),tensor(0.8683, grad_fn=<AddBackward0>),320,14.841649055480957,8,0.5,,60
checkerboard,ccka,ccka_lr0_1_lr0_01_lr0_01_optgd_epochs500_epochs0_001_epochs0_001_clusters4__rep1,41,0.5333333333333333,tensor(0.2352, grad_fn=<SqueezeBackward0>),tensor(0.8975, grad_fn=<AddBackward0>),6720,10.101826190948486,4,0.5,,60
checkerboard,ccka,ccka_lr0_1_lr0_01_lr0_01_optgd_epochs500_epochs0_001_epochs0_001_clusters6__rep1,33,0.6,tensor(0.2252, grad_fn=<SqueezeBackward0>),tensor(0.8996, grad_fn=<AddBackward0>),8160,12.671991109848022,6,0.5,,60
checkerboard,ccka,ccka_lr0_1_lr0_01_lr0_01_optgd_epochs500_epochs0_001_epochs0_001_clusters4__rep1,42,0.6666666666666666,tensor(0.2363, grad_fn=<SqueezeBackward0>),tensor(0.8868, grad_fn=<AddBackward0>),6880,10.212098121643066,4,0.5,,60
checkerboard,ccka,ccka_lr0_1_lr0_01_lr0_01_optgd_epochs500_epochs0_001_epochs0_001_clusters8__rep1,1,0.6666666666666666,tensor(0.2147, grad_fn=<SqueezeBackward0>),tensor(0.7413, grad_fn=<AddBackward0>),640,15.39081597328186,8,0.5,,60
checkerboard,ccka,ccka_lr0_1_lr0_01_lr0_01_optgd_epochs500_epochs0_001_epochs0_001_clusters6__rep1,34,0.6,tensor(0.2256, grad_fn=<SqueezeBackward0>),tensor(0.8961, grad_fn=<AddBackward0>),8400,12.66514277458191,6,0.5,,60
checkerboard,ccka,ccka_lr0_1_lr0_01_lr0_01_optgd_epochs500_epochs0_001_epochs0_001_clusters4__rep1,43,0.6666666666666666,tensor(0.2375, grad_fn=<SqueezeBackward0>),tensor(0.8757, grad_fn=<AddBackward0>),7040,10.539048910140991,4,0.5,,60
checkerboard,ccka,ccka_lr0_1_lr0_01_lr0_01_optgd_epochs500_epochs0_001_epochs0_001_clusters6__rep1,35,0.5333333333333333,tensor(0.2241, grad_fn=<SqueezeBackward0>),tensor(0.8925, grad_fn=<AddBackward0>),8640,12.87352967262268,6,0.5,,60
checkerboard,ccka,ccka_lr0_1_lr0_01_lr0_01_optgd_epochs500_epochs0_001_epochs0_001_clusters8__rep1,2,0.5666666666666667,tensor(0.2242, grad_fn=<SqueezeBackward0>),tensor(0.7039, grad_fn=<AddBackward0>),960,15.26008915901184,8,0.5,,60
checkerboard,ccka,ccka_lr0_1_lr0_01_lr0_01_optgd_epochs500_epochs0_001_epochs0_001_clusters4__rep1,44,0.7,tensor(0.2386, grad_fn=<SqueezeBackward0>),tensor(0.8691, grad_fn=<AddBackward0>),7200,10.274888753890991,4,0.5,,60
checkerboard,ccka,ccka_lr0_1_lr0_01_lr0_01_optgd_epochs500_epochs0_001_epochs0_001_clusters6__rep1,36,0.6,tensor(0.2216, grad_fn=<SqueezeBackward0>),tensor(0.8868, grad_fn=<AddBackward0>),8880,12.837921619415283,6,0.5,,60
checkerboard,ccka,ccka_lr0_1_lr0_01_lr0_01_optgd_epochs500_epochs0_001_epochs0_001_clusters4__rep1,45,0.7333333333333333,tensor(0.2396, grad_fn=<SqueezeBackward0>),tensor(0.8694, grad_fn=<AddBackward0>),7360,10.480200290679932,4,0.5,,60
checkerboard,ccka,ccka_lr0_1_lr0_01_lr0_01_optgd_epochs500_epochs0_001_epochs0_001_clusters8__rep1,3,0.5,tensor(0.2308, grad_fn=<SqueezeBackward0>),tensor(0.6831, grad_fn=<AddBackward0>),1280,15.31023383140564,8,0.5,,60
checkerboard,ccka,ccka_lr0_1_lr0_01_lr0_01_optgd_epochs500_epochs0_001_epochs0_001_clusters6__rep1,37,0.6,tensor(0.2184, grad_fn=<SqueezeBackward0>),tensor(0.8797, grad_fn=<AddBackward0>),9120,12.737929105758667,6,0.5,,60
checkerboard,ccka,ccka_lr0_1_lr0_01_lr0_01_optgd_epochs500_epochs0_001_epochs0_001_clusters4__rep1,46,0.7333333333333333,tensor(0.2404, grad_fn=<SqueezeBackward0>),tensor(0.8746, grad_fn=<AddBackward0>),7520,10.396750688552856,4,0.5,,60
checkerboard,ccka,ccka_lr0_1_lr0_01_lr0_01_optgd_epochs500_epochs0_001_epochs0_001_clusters8__rep1,4,0.5,tensor(0.2349, grad_fn=<SqueezeBackward0>),tensor(0.6721, grad_fn=<AddBackward0>),1600,15.620402097702026,8,0.5,,60
checkerboard,ccka,ccka_lr0_1_lr0_01_lr0_01_optgd_epochs500_epochs0_001_epochs0_001_clusters4__rep1,47,0.7,tensor(0.2413, grad_fn=<SqueezeBackward0>),tensor(0.8805, grad_fn=<AddBackward0>),7680,10.652585983276367,4,0.5,,60
checkerboard,ccka,ccka_lr0_1_lr0_01_lr0_01_optgd_epochs500_epochs0_001_epochs0_001_clusters6__rep1,38,0.43333333333333335,tensor(0.2158, grad_fn=<SqueezeBackward0>),tensor(0.8746, grad_fn=<AddBackward0>),9360,12.976431846618652,6,0.5,,60
checkerboard,ccka,ccka_lr0_1_lr0_01_lr0_01_optgd_epochs500_epochs0_001_epochs0_001_clusters4__rep1,48,0.7,tensor(0.2420, grad_fn=<SqueezeBackward0>),tensor(0.8830, grad_fn=<AddBackward0>),7840,10.29669713973999,4,0.5,,60
checkerboard,ccka,ccka_lr0_1_lr0_01_lr0_01_optgd_epochs500_epochs0_001_epochs0_001_clusters8__rep1,5,0.5333333333333333,tensor(0.2374, grad_fn=<SqueezeBackward0>),tensor(0.6665, grad_fn=<AddBackward0>),1920,15.57244610786438,8,0.5,,60
checkerboard,ccka,ccka_lr0_1_lr0_01_lr0_01_optgd_epochs500_epochs0_001_epochs0_001_clusters6__rep1,39,0.5,tensor(0.2141, grad_fn=<SqueezeBackward0>),tensor(0.8722, grad_fn=<AddBackward0>),9600,12.989937782287598,6,0.5,,60
checkerboard,ccka,ccka_lr0_1_lr0_01_lr0_01_optgd_epochs500_epochs0_001_epochs0_001_clusters4__rep1,49,0.7,tensor(0.2427, grad_fn=<SqueezeBackward0>),tensor(0.8809, grad_fn=<AddBackward0>),8000,10.63945484161377,4,0.5,,60
checkerboard,ccka,ccka_lr0_1_lr0_01_lr0_01_optgd_epochs500_epochs0_001_epochs0_001_clusters8__rep1,6,0.5333333333333333,tensor(0.2387, grad_fn=<SqueezeBackward0>),tensor(0.6636, grad_fn=<AddBackward0>),2240,15.316597938537598,8,0.5,,60
checkerboard,ccka,ccka_lr0_1_lr0_01_lr0_01_optgd_epochs500_epochs0_001_epochs0_001_clusters6__rep1,40,0.4666666666666667,tensor(0.2129, grad_fn=<SqueezeBackward0>),tensor(0.8726, grad_fn=<AddBackward0>),9840,12.800108671188354,6,0.5,,60
checkerboard,ccka,ccka_lr0_1_lr0_01_lr0_01_optgd_epochs500_epochs0_001_epochs0_001_clusters6__rep1,41,0.5,tensor(0.2123, grad_fn=<SqueezeBackward0>),tensor(0.8759, grad_fn=<AddBackward0>),10080,12.821122169494629,6,0.5,,60
checkerboard,ccka,ccka_lr0_1_lr0_01_lr0_01_optgd_epochs500_epochs0_001_epochs0_001_clusters8__rep1,7,0.5333333333333333,tensor(0.2392, grad_fn=<SqueezeBackward0>),tensor(0.6619, grad_fn=<AddBackward0>),2560,15.624107837677002,8,0.5,,60
checkerboard,ccka,ccka_lr0_1_lr0_01_lr0_01_optgd_epochs500_epochs0_001_epochs0_001_clusters6__rep1,42,0.4666666666666667,tensor(0.2122, grad_fn=<SqueezeBackward0>),tensor(0.8822, grad_fn=<AddBackward0>),10320,12.882174968719482,6,0.5,,60
checkerboard,ccka,ccka_lr0_1_lr0_01_lr0_01_optgd_epochs500_epochs0_001_epochs0_001_clusters8__rep1,8,0.5333333333333333,tensor(0.2392, grad_fn=<SqueezeBackward0>),tensor(0.6608, grad_fn=<AddBackward0>),2880,15.416133165359497,8,0.5,,60
checkerboard,ccka,ccka_lr0_1_lr0_01_lr0_01_optgd_epochs500_epochs0_001_epochs0_001_clusters10__rep1,0,0.6666666666666666,tensor(0.2254, grad_fn=<SqueezeBackward0>),tensor(0.7164, grad_fn=<AddBackward0>),400,17.595775365829468,10,0.5,,60
checkerboard,ccka,ccka_lr0_1_lr0_01_lr0_01_optgd_epochs500_epochs0_001_epochs0_001_clusters6__rep1,43,0.5,tensor(0.2125, grad_fn=<SqueezeBackward0>),tensor(0.8913, grad_fn=<AddBackward0>),10560,12.939883947372437,6,0.5,,60
checkerboard,ccka,ccka_lr0_1_lr0_01_lr0_01_optgd_epochs500_epochs0_001_epochs0_001_clusters8__rep1,9,0.5,tensor(0.2391, grad_fn=<SqueezeBackward0>),tensor(0.6600, grad_fn=<AddBackward0>),3200,15.596736907958984,8,0.5,,60
checkerboard,ccka,ccka_lr0_1_lr0_01_lr0_01_optgd_epochs500_epochs0_001_epochs0_001_clusters6__rep1,44,0.4666666666666667,tensor(0.2131, grad_fn=<SqueezeBackward0>),tensor(0.9020, grad_fn=<AddBackward0>),10800,12.970308065414429,6,0.5,,60
checkerboard,ccka,ccka_lr0_1_lr0_01_lr0_01_optgd_epochs500_epochs0_001_epochs0_001_clusters10__rep1,1,0.6666666666666666,tensor(0.2299, grad_fn=<SqueezeBackward0>),tensor(0.6039, grad_fn=<AddBackward0>),800,18.194967031478882,10,0.5,,60
checkerboard,ccka,ccka_lr0_1_lr0_01_lr0_01_optgd_epochs500_epochs0_001_epochs0_001_clusters8__rep1,10,0.5,tensor(0.2391, grad_fn=<SqueezeBackward0>),tensor(0.6593, grad_fn=<AddBackward0>),3520,15.203752994537354,8,0.5,,60
checkerboard,ccka,ccka_lr0_1_lr0_01_lr0_01_optgd_epochs500_epochs0_001_epochs0_001_clusters6__rep1,45,0.36666666666666664,tensor(0.2141, grad_fn=<SqueezeBackward0>),tensor(0.9127, grad_fn=<AddBackward0>),11040,12.846252202987671,6,0.5,,60
checkerboard,ccka,ccka_lr0_1_lr0_01_lr0_01_optgd_epochs500_epochs0_001_epochs0_001_clusters10__rep1,2,0.6666666666666666,tensor(0.2229, grad_fn=<SqueezeBackward0>),tensor(0.5848, grad_fn=<AddBackward0>),1200,17.653568029403687,10,0.5,,60
checkerboard,ccka,ccka_lr0_1_lr0_01_lr0_01_optgd_epochs500_epochs0_001_epochs0_001_clusters8__rep1,11,0.43333333333333335,tensor(0.2393, grad_fn=<SqueezeBackward0>),tensor(0.6584, grad_fn=<AddBackward0>),3840,15.764654159545898,8,0.5,,60
checkerboard,ccka,ccka_lr0_1_lr0_01_lr0_01_optgd_epochs500_epochs0_001_epochs0_001_clusters6__rep1,46,0.36666666666666664,tensor(0.2154, grad_fn=<SqueezeBackward0>),tensor(0.9221, grad_fn=<AddBackward0>),11280,12.843531131744385,6,0.5,,60
checkerboard,ccka,ccka_lr0_1_lr0_01_lr0_01_optgd_epochs500_epochs0_001_epochs0_001_clusters10__rep1,3,0.7,tensor(0.2208, grad_fn=<SqueezeBackward0>),tensor(0.5457, grad_fn=<AddBackward0>),1600,18.233608961105347,10,0.5,,60
checkerboard,ccka,ccka_lr0_1_lr0_01_lr0_01_optgd_epochs500_epochs0_001_epochs0_001_clusters6__rep1,47,0.36666666666666664,tensor(0.2166, grad_fn=<SqueezeBackward0>),tensor(0.9296, grad_fn=<AddBackward0>),11520,12.869340181350708,6,0.5,,60
checkerboard,ccka,ccka_lr0_1_lr0_01_lr0_01_optgd_epochs500_epochs0_001_epochs0_001_clusters8__rep1,12,0.43333333333333335,tensor(0.2400, grad_fn=<SqueezeBackward0>),tensor(0.6572, grad_fn=<AddBackward0>),4160,15.368769884109497,8,0.5,,60
checkerboard,ccka,ccka_lr0_1_lr0_01_lr0_01_optgd_epochs500_epochs0_001_epochs0_001_clusters6__rep1,48,0.4,tensor(0.2178, grad_fn=<SqueezeBackward0>),tensor(0.9349, grad_fn=<AddBackward0>),11760,12.865420818328857,6,0.5,,60
checkerboard,ccka,ccka_lr0_1_lr0_01_lr0_01_optgd_epochs500_epochs0_001_epochs0_001_clusters8__rep1,13,0.4666666666666667,tensor(0.2415, grad_fn=<SqueezeBackward0>),tensor(0.6546, grad_fn=<AddBackward0>),4480,15.347882986068726,8,0.5,,60
checkerboard,ccka,ccka_lr0_1_lr0_01_lr0_01_optgd_epochs500_epochs0_001_epochs0_001_clusters10__rep1,4,0.7,tensor(0.2215, grad_fn=<SqueezeBackward0>),tensor(0.5372, grad_fn=<AddBackward0>),2000,17.78999400138855,10,0.5,,60
checkerboard,ccka,ccka_lr0_1_lr0_01_lr0_01_optgd_epochs500_epochs0_001_epochs0_001_clusters6__rep1,49,0.43333333333333335,tensor(0.2187, grad_fn=<SqueezeBackward0>),tensor(0.9378, grad_fn=<AddBackward0>),12000,12.76100778579712,6,0.5,,60
checkerboard,ccka,ccka_lr0_1_lr0_01_lr0_01_optgd_epochs500_epochs0_001_epochs0_001_clusters8__rep1,14,0.43333333333333335,tensor(0.2444, grad_fn=<SqueezeBackward0>),tensor(0.6487, grad_fn=<AddBackward0>),4800,15.608631134033203,8,0.5,,60
checkerboard,ccka,ccka_lr0_1_lr0_01_lr0_01_optgd_epochs500_epochs0_001_epochs0_001_clusters10__rep1,5,0.6666666666666666,tensor(0.2229, grad_fn=<SqueezeBackward0>),tensor(0.5313, grad_fn=<AddBackward0>),2400,17.99996519088745,10,0.5,,60
checkerboard,ccka,ccka_lr0_1_lr0_01_lr0_01_optgd_epochs500_epochs0_001_epochs0_001_clusters8__rep1,15,0.4666666666666667,tensor(0.2482, grad_fn=<SqueezeBackward0>),tensor(0.6395, grad_fn=<AddBackward0>),5120,15.254388332366943,8,0.5,,60
checkerboard,ccka,ccka_lr0_1_lr0_01_lr0_01_optgd_epochs500_epochs0_001_epochs0_001_clusters10__rep1,6,0.6666666666666666,tensor(0.2229, grad_fn=<SqueezeBackward0>),tensor(0.5265, grad_fn=<AddBackward0>),2800,18.032059907913208,10,0.5,,60
checkerboard,ccka,ccka_lr0_1_lr0_01_lr0_01_optgd_epochs500_epochs0_001_epochs0_001_clusters8__rep1,16,0.4666666666666667,tensor(0.2511, grad_fn=<SqueezeBackward0>),tensor(0.6313, grad_fn=<AddBackward0>),5440,15.15343689918518,8,0.5,,60
checkerboard,ccka,ccka_lr0_1_lr0_01_lr0_01_optgd_epochs500_epochs0_001_epochs0_001_clusters10__rep1,7,0.6666666666666666,tensor(0.2221, grad_fn=<SqueezeBackward0>),tensor(0.5240, grad_fn=<AddBackward0>),3200,17.676480054855347,10,0.5,,60
checkerboard,ccka,ccka_lr0_1_lr0_01_lr0_01_optgd_epochs500_epochs0_001_epochs0_001_clusters8__rep1,17,0.4666666666666667,tensor(0.2525, grad_fn=<SqueezeBackward0>),tensor(0.6257, grad_fn=<AddBackward0>),5760,15.420008182525635,8,0.5,,60
checkerboard,ccka,ccka_lr0_1_lr0_01_lr0_01_optgd_epochs500_epochs0_001_epochs0_001_clusters10__rep1,8,0.7,tensor(0.2211, grad_fn=<SqueezeBackward0>),tensor(0.5210, grad_fn=<AddBackward0>),3600,18.537183046340942,10,0.5,,60
checkerboard,ccka,ccka_lr0_1_lr0_01_lr0_01_optgd_epochs500_epochs0_001_epochs0_001_clusters8__rep1,18,0.4666666666666667,tensor(0.2529, grad_fn=<SqueezeBackward0>),tensor(0.6218, grad_fn=<AddBackward0>),6080,15.607742309570312,8,0.5,,60
checkerboard,ccka,ccka_lr0_1_lr0_01_lr0_01_optgd_epochs500_epochs0_001_epochs0_001_clusters10__rep1,9,0.7,tensor(0.2201, grad_fn=<SqueezeBackward0>),tensor(0.5191, grad_fn=<AddBackward0>),4000,17.531392097473145,10,0.5,,60
checkerboard,ccka,ccka_lr0_1_lr0_01_lr0_01_optgd_epochs500_epochs0_001_epochs0_001_clusters8__rep1,19,0.5333333333333333,tensor(0.2530, grad_fn=<SqueezeBackward0>),tensor(0.6185, grad_fn=<AddBackward0>),6400,15.260339975357056,8,0.5,,60
checkerboard,ccka,ccka_lr0_1_lr0_01_lr0_01_optgd_epochs500_epochs0_001_epochs0_001_clusters8__rep1,20,0.5333333333333333,tensor(0.2527, grad_fn=<SqueezeBackward0>),tensor(0.6154, grad_fn=<AddBackward0>),6720,15.075455904006958,8,0.5,,60
checkerboard,ccka,ccka_lr0_1_lr0_01_lr0_01_optgd_epochs500_epochs0_001_epochs0_001_clusters10__rep1,10,0.7,tensor(0.2196, grad_fn=<SqueezeBackward0>),tensor(0.5161, grad_fn=<AddBackward0>),4400,17.898200750350952,10,0.5,,60
checkerboard,ccka,ccka_lr0_1_lr0_01_lr0_01_optgd_epochs500_epochs0_001_epochs0_001_clusters8__rep1,21,0.5333333333333333,tensor(0.2524, grad_fn=<SqueezeBackward0>),tensor(0.6123, grad_fn=<AddBackward0>),7040,15.260152101516724,8,0.5,,60
checkerboard,ccka,ccka_lr0_1_lr0_01_lr0_01_optgd_epochs500_epochs0_001_epochs0_001_clusters10__rep1,11,0.7,tensor(0.2194, grad_fn=<SqueezeBackward0>),tensor(0.5133, grad_fn=<AddBackward0>),4800,17.286674976348877,10,0.5,,60
checkerboard,ccka,ccka_lr0_1_lr0_01_lr0_01_optgd_epochs500_epochs0_001_epochs0_001_clusters8__rep1,22,0.5333333333333333,tensor(0.2519, grad_fn=<SqueezeBackward0>),tensor(0.6092, grad_fn=<AddBackward0>),7360,15.375576734542847,8,0.5,,60
checkerboard,ccka,ccka_lr0_1_lr0_01_lr0_01_optgd_epochs500_epochs0_001_epochs0_001_clusters10__rep1,12,0.6666666666666666,tensor(0.2196, grad_fn=<SqueezeBackward0>),tensor(0.5089, grad_fn=<AddBackward0>),5200,17.63955307006836,10,0.5,,60
checkerboard,ccka,ccka_lr0_1_lr0_01_lr0_01_optgd_epochs500_epochs0_001_epochs0_001_clusters8__rep1,23,0.4666666666666667,tensor(0.2514, grad_fn=<SqueezeBackward0>),tensor(0.6060, grad_fn=<AddBackward0>),7680,14.766462087631226,8,0.5,,60
checkerboard,ccka,ccka_lr0_1_lr0_01_lr0_01_optgd_epochs500_epochs0_001_epochs0_001_clusters10__rep1,13,0.6666666666666666,tensor(0.2204, grad_fn=<SqueezeBackward0>),tensor(0.5038, grad_fn=<AddBackward0>),5600,17.152610063552856,10,0.5,,60
checkerboard,ccka,ccka_lr0_1_lr0_01_lr0_01_optgd_epochs500_epochs0_001_epochs0_001_clusters8__rep1,24,0.5,tensor(0.2508, grad_fn=<SqueezeBackward0>),tensor(0.6026, grad_fn=<AddBackward0>),8000,15.189418077468872,8,0.5,,60
checkerboard,ccka,ccka_lr0_1_lr0_01_lr0_01_optgd_epochs500_epochs0_001_epochs0_001_clusters10__rep1,14,0.7333333333333333,tensor(0.2218, grad_fn=<SqueezeBackward0>),tensor(0.4982, grad_fn=<AddBackward0>),6000,18.226891040802002,10,0.5,,60
checkerboard,ccka,ccka_lr0_1_lr0_01_lr0_01_optgd_epochs500_epochs0_001_epochs0_001_clusters8__rep1,25,0.4666666666666667,tensor(0.2500, grad_fn=<SqueezeBackward0>),tensor(0.5991, grad_fn=<AddBackward0>),8320,15.075808048248291,8,0.5,,60
checkerboard,ccka,ccka_lr0_1_lr0_01_lr0_01_optgd_epochs500_epochs0_001_epochs0_001_clusters10__rep1,15,0.7333333333333333,tensor(0.2238, grad_fn=<SqueezeBackward0>),tensor(0.4931, grad_fn=<AddBackward0>),6400,17.230512857437134,10,0.5,,60
checkerboard,ccka,ccka_lr0_1_lr0_01_lr0_01_optgd_epochs500_epochs0_001_epochs0_001_clusters8__rep1,26,0.4666666666666667,tensor(0.2490, grad_fn=<SqueezeBackward0>),tensor(0.5954, grad_fn=<AddBackward0>),8640,14.86430311203003,8,0.5,,60
checkerboard,ccka,ccka_lr0_1_lr0_01_lr0_01_optgd_epochs500_epochs0_001_epochs0_001_clusters8__rep1,27,0.43333333333333335,tensor(0.2475, grad_fn=<SqueezeBackward0>),tensor(0.5911, grad_fn=<AddBackward0>),8960,15.22542428970337,8,0.5,,60
checkerboard,ccka,ccka_lr0_1_lr0_01_lr0_01_optgd_epochs500_epochs0_001_epochs0_001_clusters10__rep1,16,0.7333333333333333,tensor(0.2258, grad_fn=<SqueezeBackward0>),tensor(0.4891, grad_fn=<AddBackward0>),6800,17.574281930923462,10,0.5,,60
checkerboard,ccka,ccka_lr0_1_lr0_01_lr0_01_optgd_epochs500_epochs0_001_epochs0_001_clusters8__rep1,28,0.43333333333333335,tensor(0.2451, grad_fn=<SqueezeBackward0>),tensor(0.5857, grad_fn=<AddBackward0>),9280,15.37111496925354,8,0.5,,60
checkerboard,ccka,ccka_lr0_1_lr0_01_lr0_01_optgd_epochs500_epochs0_001_epochs0_001_clusters10__rep1,17,0.7333333333333333,tensor(0.2272, grad_fn=<SqueezeBackward0>),tensor(0.4869, grad_fn=<AddBackward0>),7200,17.446420907974243,10,0.5,,60
checkerboard,ccka,ccka_lr0_1_lr0_01_lr0_01_optgd_epochs500_epochs0_001_epochs0_001_clusters8__rep1,29,0.43333333333333335,tensor(0.2410, grad_fn=<SqueezeBackward0>),tensor(0.5762, grad_fn=<AddBackward0>),9600,14.930554151535034,8,0.5,,60
checkerboard,ccka,ccka_lr0_1_lr0_01_lr0_01_optgd_epochs500_epochs0_001_epochs0_001_clusters10__rep1,18,0.7333333333333333,tensor(0.2278, grad_fn=<SqueezeBackward0>),tensor(0.4862, grad_fn=<AddBackward0>),7600,18.12964415550232,10,0.5,,60
checkerboard,ccka,ccka_lr0_1_lr0_01_lr0_01_optgd_epochs500_epochs0_001_epochs0_001_clusters8__rep1,30,0.4666666666666667,tensor(0.2350, grad_fn=<SqueezeBackward0>),tensor(0.5569, grad_fn=<AddBackward0>),9920,15.182070016860962,8,0.5,,60
checkerboard,ccka,ccka_lr0_1_lr0_01_lr0_01_optgd_epochs500_epochs0_001_epochs0_001_clusters10__rep1,19,0.7333333333333333,tensor(0.2277, grad_fn=<SqueezeBackward0>),tensor(0.4844, grad_fn=<AddBackward0>),8000,17.088656187057495,10,0.5,,60
checkerboard,ccka,ccka_lr0_1_lr0_01_lr0_01_optgd_epochs500_epochs0_001_epochs0_001_clusters8__rep1,31,0.5,tensor(0.2317, grad_fn=<SqueezeBackward0>),tensor(0.5394, grad_fn=<AddBackward0>),10240,14.976651191711426,8,0.5,,60
checkerboard,ccka,ccka_lr0_1_lr0_01_lr0_01_optgd_epochs500_epochs0_001_epochs0_001_clusters10__rep1,20,0.7333333333333333,tensor(0.2271, grad_fn=<SqueezeBackward0>),tensor(0.4818, grad_fn=<AddBackward0>),8400,17.635431051254272,10,0.5,,60
checkerboard,ccka,ccka_lr0_1_lr0_01_lr0_01_optgd_epochs500_epochs0_001_epochs0_001_clusters8__rep1,32,0.5333333333333333,tensor(0.2322, grad_fn=<SqueezeBackward0>),tensor(0.5325, grad_fn=<AddBackward0>),10560,14.631303310394287,8,0.5,,60
checkerboard,ccka,ccka_lr0_1_lr0_01_lr0_01_optgd_epochs500_epochs0_001_epochs0_001_clusters10__rep1,21,0.7666666666666667,tensor(0.2265, grad_fn=<SqueezeBackward0>),tensor(0.4762, grad_fn=<AddBackward0>),8800,16.893978118896484,10,0.5,,60
checkerboard,ccka,ccka_lr0_1_lr0_01_lr0_01_optgd_epochs500_epochs0_001_epochs0_001_clusters8__rep1,33,0.5333333333333333,tensor(0.2334, grad_fn=<SqueezeBackward0>),tensor(0.5286, grad_fn=<AddBackward0>),10880,14.893440008163452,8,0.5,,60
checkerboard,ccka,ccka_lr0_1_lr0_01_lr0_01_optgd_epochs500_epochs0_001_epochs0_001_clusters8__rep1,34,0.5333333333333333,tensor(0.2344, grad_fn=<SqueezeBackward0>),tensor(0.5255, grad_fn=<AddBackward0>),11200,14.945346117019653,8,0.5,,60
checkerboard,ccka,ccka_lr0_1_lr0_01_lr0_01_optgd_epochs500_epochs0_001_epochs0_001_clusters10__rep1,22,0.7666666666666667,tensor(0.2262, grad_fn=<SqueezeBackward0>),tensor(0.4734, grad_fn=<AddBackward0>),9200,17.160139083862305,10,0.5,,60
checkerboard,ccka,ccka_lr0_1_lr0_01_lr0_01_optgd_epochs500_epochs0_001_epochs0_001_clusters8__rep1,35,0.5,tensor(0.2350, grad_fn=<SqueezeBackward0>),tensor(0.5228, grad_fn=<AddBackward0>),11520,14.568891286849976,8,0.5,,60
checkerboard,ccka,ccka_lr0_1_lr0_01_lr0_01_optgd_epochs500_epochs0_001_epochs0_001_clusters10__rep1,23,0.7666666666666667,tensor(0.2261, grad_fn=<SqueezeBackward0>),tensor(0.4642, grad_fn=<AddBackward0>),9600,16.988969087600708,10,0.5,,60
checkerboard,ccka,ccka_lr0_1_lr0_01_lr0_01_optgd_epochs500_epochs0_001_epochs0_001_clusters8__rep1,36,0.4666666666666667,tensor(0.2352, grad_fn=<SqueezeBackward0>),tensor(0.5203, grad_fn=<AddBackward0>),11840,14.956032991409302,8,0.5,,60
checkerboard,ccka,ccka_lr0_1_lr0_01_lr0_01_optgd_epochs500_epochs0_001_epochs0_001_clusters10__rep1,24,0.7666666666666667,tensor(0.2250, grad_fn=<SqueezeBackward0>),tensor(0.4564, grad_fn=<AddBackward0>),10000,17.74777603149414,10,0.5,,60
checkerboard,ccka,ccka_lr0_1_lr0_01_lr0_01_optgd_epochs500_epochs0_001_epochs0_001_clusters8__rep1,37,0.43333333333333335,tensor(0.2353, grad_fn=<SqueezeBackward0>),tensor(0.5181, grad_fn=<AddBackward0>),12160,14.684688091278076,8,0.5,,60
checkerboard,ccka,ccka_lr0_1_lr0_01_lr0_01_optgd_epochs500_epochs0_001_epochs0_001_clusters10__rep1,25,0.7666666666666667,tensor(0.2249, grad_fn=<SqueezeBackward0>),tensor(0.4474, grad_fn=<AddBackward0>),10400,16.853905200958252,10,0.5,,60
checkerboard,ccka,ccka_lr0_1_lr0_01_lr0_01_optgd_epochs500_epochs0_001_epochs0_001_clusters8__rep1,38,0.4,tensor(0.2352, grad_fn=<SqueezeBackward0>),tensor(0.5161, grad_fn=<AddBackward0>),12480,14.549668073654175,8,0.5,,60
checkerboard,ccka,ccka_lr0_1_lr0_01_lr0_01_optgd_epochs500_epochs0_001_epochs0_001_clusters10__rep1,26,0.7666666666666667,tensor(0.2247, grad_fn=<SqueezeBackward0>),tensor(0.4447, grad_fn=<AddBackward0>),10800,17.14906907081604,10,0.5,,60
checkerboard,ccka,ccka_lr0_1_lr0_01_lr0_01_optgd_epochs500_epochs0_001_epochs0_001_clusters8__rep1,39,0.4,tensor(0.2352, grad_fn=<SqueezeBackward0>),tensor(0.5142, grad_fn=<AddBackward0>),12800,14.855032205581665,8,0.5,,60
checkerboard,ccka,ccka_lr0_1_lr0_01_lr0_01_optgd_epochs500_epochs0_001_epochs0_001_clusters10__rep1,27,0.7333333333333333,tensor(0.2245, grad_fn=<SqueezeBackward0>),tensor(0.4400, grad_fn=<AddBackward0>),11200,16.927788019180298,10,0.5,,60
checkerboard,ccka,ccka_lr0_1_lr0_01_lr0_01_optgd_epochs500_epochs0_001_epochs0_001_clusters8__rep1,40,0.4,tensor(0.2351, grad_fn=<SqueezeBackward0>),tensor(0.5125, grad_fn=<AddBackward0>),13120,14.957671880722046,8,0.5,,60
checkerboard,ccka,ccka_lr0_1_lr0_01_lr0_01_optgd_epochs500_epochs0_001_epochs0_001_clusters8__rep1,41,0.4,tensor(0.2350, grad_fn=<SqueezeBackward0>),tensor(0.5109, grad_fn=<AddBackward0>),13440,14.559847831726074,8,0.5,,60
checkerboard,ccka,ccka_lr0_1_lr0_01_lr0_01_optgd_epochs500_epochs0_001_epochs0_001_clusters10__rep1,28,0.7,tensor(0.2250, grad_fn=<SqueezeBackward0>),tensor(0.4394, grad_fn=<AddBackward0>),11600,17.780706882476807,10,0.5,,60
checkerboard,ccka,ccka_lr0_1_lr0_01_lr0_01_optgd_epochs500_epochs0_001_epochs0_001_clusters8__rep1,42,0.4,tensor(0.2350, grad_fn=<SqueezeBackward0>),tensor(0.5094, grad_fn=<AddBackward0>),13760,14.945200204849243,8,0.5,,60
checkerboard,ccka,ccka_lr0_1_lr0_01_lr0_01_optgd_epochs500_epochs0_001_epochs0_001_clusters10__rep1,29,0.6666666666666666,tensor(0.2254, grad_fn=<SqueezeBackward0>),tensor(0.4390, grad_fn=<AddBackward0>),12000,16.957544088363647,10,0.5,,60
checkerboard,ccka,ccka_lr0_1_lr0_01_lr0_01_optgd_epochs500_epochs0_001_epochs0_001_clusters8__rep1,43,0.43333333333333335,tensor(0.2351, grad_fn=<SqueezeBackward0>),tensor(0.5081, grad_fn=<AddBackward0>),14080,15.093798160552979,8,0.5,,60
checkerboard,ccka,ccka_lr0_1_lr0_01_lr0_01_optgd_epochs500_epochs0_001_epochs0_001_clusters10__rep1,30,0.7,tensor(0.2260, grad_fn=<SqueezeBackward0>),tensor(0.4375, grad_fn=<AddBackward0>),12400,17.91706418991089,10,0.5,,60
checkerboard,ccka,ccka_lr0_1_lr0_01_lr0_01_optgd_epochs500_epochs0_001_epochs0_001_clusters8__rep1,44,0.43333333333333335,tensor(0.2352, grad_fn=<SqueezeBackward0>),tensor(0.5068, grad_fn=<AddBackward0>),14400,14.940935134887695,8,0.5,,60
checkerboard,ccka,ccka_lr0_1_lr0_01_lr0_01_optgd_epochs500_epochs0_001_epochs0_001_clusters10__rep1,31,0.7,tensor(0.2268, grad_fn=<SqueezeBackward0>),tensor(0.4407, grad_fn=<AddBackward0>),12800,17.341579914093018,10,0.5,,60
checkerboard,ccka,ccka_lr0_1_lr0_01_lr0_01_optgd_epochs500_epochs0_001_epochs0_001_clusters8__rep1,45,0.43333333333333335,tensor(0.2354, grad_fn=<SqueezeBackward0>),tensor(0.5057, grad_fn=<AddBackward0>),14720,15.484408140182495,8,0.5,,60
checkerboard,ccka,ccka_lr0_1_lr0_01_lr0_01_optgd_epochs500_epochs0_001_epochs0_001_clusters10__rep1,32,0.7,tensor(0.2277, grad_fn=<SqueezeBackward0>),tensor(0.4430, grad_fn=<AddBackward0>),13200,17.681535959243774,10,0.5,,60
checkerboard,ccka,ccka_lr0_1_lr0_01_lr0_01_optgd_epochs500_epochs0_001_epochs0_001_clusters8__rep1,46,0.4666666666666667,tensor(0.2355, grad_fn=<SqueezeBackward0>),tensor(0.5046, grad_fn=<AddBackward0>),15040,15.25029993057251,8,0.5,,60
checkerboard,ccka,ccka_lr0_1_lr0_01_lr0_01_optgd_epochs500_epochs0_001_epochs0_001_clusters10__rep1,33,0.7,tensor(0.2285, grad_fn=<SqueezeBackward0>),tensor(0.4447, grad_fn=<AddBackward0>),13600,17.18116307258606,10,0.5,,60
checkerboard,ccka,ccka_lr0_1_lr0_01_lr0_01_optgd_epochs500_epochs0_001_epochs0_001_clusters8__rep1,47,0.4666666666666667,tensor(0.2357, grad_fn=<SqueezeBackward0>),tensor(0.5035, grad_fn=<AddBackward0>),15360,14.687051057815552,8,0.5,,60
checkerboard,ccka,ccka_lr0_1_lr0_01_lr0_01_optgd_epochs500_epochs0_001_epochs0_001_clusters8__rep1,48,0.4666666666666667,tensor(0.2360, grad_fn=<SqueezeBackward0>),tensor(0.5026, grad_fn=<AddBackward0>),15680,15.400198936462402,8,0.5,,60
checkerboard,ccka,ccka_lr0_1_lr0_01_lr0_01_optgd_epochs500_epochs0_001_epochs0_001_clusters10__rep1,34,0.6666666666666666,tensor(0.2284, grad_fn=<SqueezeBackward0>),tensor(0.4438, grad_fn=<AddBackward0>),14000,18.134939908981323,10,0.5,,60
checkerboard,ccka,ccka_lr0_1_lr0_01_lr0_01_optgd_epochs500_epochs0_001_epochs0_001_clusters8__rep1,49,0.4666666666666667,tensor(0.2362, grad_fn=<SqueezeBackward0>),tensor(0.5016, grad_fn=<AddBackward0>),16000,14.918798685073853,8,0.5,,60
checkerboard,ccka,ccka_lr0_1_lr0_01_lr0_01_optgd_epochs500_epochs0_001_epochs0_001_clusters10__rep1,35,0.6666666666666666,tensor(0.2278, grad_fn=<SqueezeBackward0>),tensor(0.4392, grad_fn=<AddBackward0>),14400,17.20900011062622,10,0.5,,60
checkerboard,ccka,ccka_lr0_1_lr0_01_lr0_01_optgd_epochs500_epochs0_001_epochs0_001_clusters10__rep1,36,0.6666666666666666,tensor(0.2276, grad_fn=<SqueezeBackward0>),tensor(0.4409, grad_fn=<AddBackward0>),14800,17.348594903945923,10,0.5,,60
checkerboard,ccka,ccka_lr0_1_lr0_01_lr0_01_optgd_epochs500_epochs0_001_epochs0_001_clusters10__rep1,37,0.7,tensor(0.2274, grad_fn=<SqueezeBackward0>),tensor(0.4471, grad_fn=<AddBackward0>),15200,16.721065044403076,10,0.5,,60
